,time_initialization,test_cost,test_accur,train_cost,time_train_this_epoch,train_accur,time_train_total,time_read_data_this_epoch,time_read_data_total
0,2.0043559074401855,2.938061475753784,0.0982001582278481,,,,,,
391,,1.4384816884994507,0.4880340189873418,1.699787974357605,4.007343292236328,0.3958519820666984,4.007343292236328,1.4266724586486816,1.4266724586486816
782,,1.3226351737976074,0.5349090189873418,1.3706963062286377,4.151365756988525,0.5211916559797418,8.158709049224854,1.4632899761199951,2.8899624347686768
1173,,1.2385400533676147,0.5666534810126582,1.2685303688049316,4.449852466583252,0.5579843350383632,12.608561515808105,1.7806897163391113,4.670652151107788
1564,,1.2006986141204834,0.5790150316455697,1.2042409181594849,4.437453746795654,0.5807025255754475,17.04601526260376,1.5084128379821777,6.179064989089966
1955,,1.172629714012146,0.5907832278481012,1.1531020402908325,4.4460296630859375,0.6006633631713555,21.492044925689697,1.7616243362426758,7.940689325332642
2346,,1.1428470611572266,0.6047270569620253,1.1167200803756714,4.222754240036011,0.6148657288850116,25.714799165725708,1.4637970924377441,9.404486417770386
