,time_initialization,test_cost,test_accur,train_cost,time_train_this_epoch,train_accur,time_train_total,time_read_data_this_epoch,time_read_data_total
0,2.0043559074401855,2.938061475753784,0.0982001582278481,,,,,,
391,,1.4384816884994507,0.4880340189873418,1.699787974357605,4.007343292236328,0.3958519820666984,4.007343292236328,1.4266724586486816,1.4266724586486816
782,,1.3226351737976074,0.5349090189873418,1.3706963062286377,4.151365756988525,0.5211916559797418,8.158709049224854,1.4632899761199951,2.8899624347686768
1173,,1.2385400533676147,0.5666534810126582,1.2685303688049316,4.449852466583252,0.5579843350383632,12.608561515808105,1.7806897163391113,4.670652151107788
