,time_initialization,test_cost,test_accur,train_cost,time_train_this_epoch,train_accur,time_train_total,time_read_data_this_epoch,time_read_data_total
0,2.0462870597839355,2.938061475753784,0.0982001582278481,,,,,,
391,,1.4390642642974854,0.486748417721519,1.7002300024032593,4.037336587905884,0.3953444692484863,4.037336587905884,1.4189417362213135,1.4189417362213135
