,time_initialization,test_cost,test_accur,train_cost,time_train_this_epoch,train_accur,time_train_total,time_read_data_this_epoch,time_read_data_total
0,2.1401689052581787,6.705936431884766,0.10166139240506329,,,,,,
391,,1.4512757062911987,0.4876384493670886,1.7573301792144775,4.071131229400635,0.38636908567774936,4.071131229400635,1.384279489517212,1.384279489517212
782,,1.3493627309799194,0.5232397151898734,1.3805558681488037,4.041419267654419,0.5154331841737109,8.112550497055054,1.4744744300842285,2.8587539196014404
1173,,1.2647806406021118,0.555379746835443,1.2897533178329468,4.055249452590942,0.5509151214986201,12.167799949645996,1.3807361125946045,4.239490032196045
